temp,gdp_loss,damage_fun,labels
0.85,0.0017051,DICE2016,"Nordhaus and Moffat (2017) 
DICE2016"
1.0163451840888142,0.0024377797784004406,DICE2016,"Nordhaus and Moffat (2017) 
DICE2016"
1.185157483052749,0.0033148518927407873,DICE2016,"Nordhaus and Moffat (2017) 
DICE2016"
1.3556341720364724,0.004337075859807509,DICE2016,"Nordhaus and Moffat (2017) 
DICE2016"
1.5273813025274223,0.005505628998212463,DICE2016,"Nordhaus and Moffat (2017) 
DICE2016"
1.7001800493236974,0.006821844792279259,DICE2016,"Nordhaus and Moffat (2017) 
DICE2016"
1.87385617731486,0.008286755256896103,DICE2016,"Nordhaus and Moffat (2017) 
DICE2016"
2.0482144104144955,0.009900630159629855,DICE2016,"Nordhaus and Moffat (2017) 
DICE2016"
2.2230119886827295,0.01166260623231206,DICE2016,"Nordhaus and Moffat (2017) 
DICE2016"
2.397954526945307,0.013570438755382077,DICE2016,"Nordhaus and Moffat (2017) 
DICE2016"
2.5727034294116815,0.01562037492826764,DICE2016,"Nordhaus and Moffat (2017) 
DICE2016"
2.746888283792742,0.01780713277498529,DICE2016,"Nordhaus and Moffat (2017) 
DICE2016"
2.9201204099499116,0.020123963572310253,DICE2016,"Nordhaus and Moffat (2017) 
DICE2016"
3.0920054992696624,0.022562775297732648,DICE2016,"Nordhaus and Moffat (2017) 
DICE2016"
3.262154369838213,0.02511429667306474,DICE2016,"Nordhaus and Moffat (2017) 
DICE2016"
3.43019150767592,0.027768264519223526,DICE2016,"Nordhaus and Moffat (2017) 
DICE2016"
3.5957614247694387,0.030513620528309467,DICE2016,"Nordhaus and Moffat (2017) 
DICE2016"
3.755577165481714,0.03328628923629489,DICE2016,"Nordhaus and Moffat (2017) 
DICE2016"
3.9126695763461323,0.036129200384248515,DICE2016,"Nordhaus and Moffat (2017) 
DICE2016"
4.066714142016695,0.03903006683439345,DICE2016,"Nordhaus and Moffat (2017) 
DICE2016"
4.21742152595698,0.041976480613148515,DICE2016,"Nordhaus and Moffat (2017) 
DICE2016"
4.364536087770965,0.04495605361703399,DICE2016,"Nordhaus and Moffat (2017) 
DICE2016"
4.50783393822018,0.047956537682384406,DICE2016,"Nordhaus and Moffat (2017) 
DICE2016"
4.647120678031269,0.05096592420699849,DICE2016,"Nordhaus and Moffat (2017) 
DICE2016"
4.782228941052195,0.0539725242013438,DICE2016,"Nordhaus and Moffat (2017) 
DICE2016"
4.913015837683659,0.0569650301063399,DICE2016,"Nordhaus and Moffat (2017) 
DICE2016"
5.0393603723893285,0.05993256099222668,DICE2016,"Nordhaus and Moffat (2017) 
DICE2016"
5.1611608900743935,0.06286469289043108,DICE2016,"Nordhaus and Moffat (2017) 
DICE2016"
5.278332590266771,0.06575147604299468,DICE2016,"Nordhaus and Moffat (2017) 
DICE2016"
5.390805135106977,0.06858344081108196,DICE2016,"Nordhaus and Moffat (2017) 
DICE2016"
5.498520366793321,0.07135159388873666,DICE2016,"Nordhaus and Moffat (2017) 
DICE2016"
5.601430141943328,0.07404740633876816,DICE2016,"Nordhaus and Moffat (2017) 
DICE2016"
5.699494283934551,0.0766627948185422,DICE2016,"Nordhaus and Moffat (2017) 
DICE2016"
5.79267864932537,0.07919009720506599,DICE2016,"Nordhaus and Moffat (2017) 
DICE2016"
5.880953300616714,0.08162204366872171,DICE2016,"Nordhaus and Moffat (2017) 
DICE2016"
5.964290774628784,0.08395172408859998,DICE2016,"Nordhaus and Moffat (2017) 
DICE2016"
6.042664433400109,0.08617255255304165,DICE2016,"Nordhaus and Moffat (2017) 
DICE2016"
6.116046882569437,0.0882782295486981,DICE2016,"Nordhaus and Moffat (2017) 
DICE2016"
6.184408440499189,0.09026270231104556,DICE2016,"Nordhaus and Moffat (2017) 
DICE2016"
6.247715639785728,0.09212012368887072,DICE2016,"Nordhaus and Moffat (2017) 
DICE2016"
6.305929741131026,0.09384480976419071,DICE2016,"Nordhaus and Moffat (2017) 
DICE2016"
6.359005237679792,0.09543119636630011,DICE2016,"Nordhaus and Moffat (2017) 
DICE2016"
6.406888325708275,0.09687379452270889,DICE2016,"Nordhaus and Moffat (2017) 
DICE2016"
6.449515314823538,0.09816714479889833,DICE2016,"Nordhaus and Moffat (2017) 
DICE2016"
6.486810947407061,0.09930577039106424,DICE2016,"Nordhaus and Moffat (2017) 
DICE2016"
6.518686592686204,0.10028412874905382,DICE2016,"Nordhaus and Moffat (2017) 
DICE2016"
6.541692815190043,0.10099323793640931,DICE2016,"Nordhaus and Moffat (2017) 
DICE2016"
6.5578021957065005,0.10149125634571068,DICE2016,"Nordhaus and Moffat (2017) 
DICE2016"
6.568482049312665,0.10182209717985681,DICE2016,"Nordhaus and Moffat (2017) 
DICE2016"
6.574836990504347,0.10201921622602206,DICE2016,"Nordhaus and Moffat (2017) 
DICE2016"
6.577709694938545,0.10210838500089693,DICE2016,"Nordhaus and Moffat (2017) 
DICE2016"
6.577752090345427,0.102109701246423,DICE2016,"Nordhaus and Moffat (2017) 
DICE2016"
6.5754757624849525,0.10203904034714388,DICE2016,"Nordhaus and Moffat (2017) 
DICE2016"
6.5712877981839215,0.10190910305068371,DICE2016,"Nordhaus and Moffat (2017) 
DICE2016"
6.565516432804098,0.10173017422943273,DICE2016,"Nordhaus and Moffat (2017) 
DICE2016"
6.558429551278159,0.10151067570262559,DICE2016,"Nordhaus and Moffat (2017) 
DICE2016"
6.550248165465653,0.10125757242887931,DICE2016,"Nordhaus and Moffat (2017) 
DICE2016"
6.5411563442234915,0.10097667411419754,DICE2016,"Nordhaus and Moffat (2017) 
DICE2016"
6.531308623595996,0.10067286191451626,DICE2016,"Nordhaus and Moffat (2017) 
DICE2016"
6.520835613408197,0.10035026114913867,DICE2016,"Nordhaus and Moffat (2017) 
DICE2016"
0.85,0.001481125,DICE2010,"Nordhaus and Boyer (2009) 
DICE2010"
1.0163451840888142,0.0021175629431020777,DICE2010,"Nordhaus and Boyer (2009) 
DICE2010"
1.1851583683580418,0.0028794307340826468,DICE2010,"Nordhaus and Boyer (2009) 
DICE2010"
1.3556376482718617,0.0037673945384947313,DICE2010,"Nordhaus and Boyer (2009) 
DICE2010"
1.5273898840461715,0.004782485708667484,DICE2010,"Nordhaus and Boyer (2009) 
DICE2010"
1.700197068624796,0.005925873647928717,DICE2010,"Nordhaus and Boyer (2009) 
DICE2010"
1.8738857960522637,0.007198468352125174,DICE2010,"Nordhaus and Boyer (2009) 
DICE2010"
2.048261621417428,0.008600520123031679,DICE2010,"Nordhaus and Boyer (2009) 
DICE2010"
2.2230826040494986,0.010131297342076375,DICE2010,"Nordhaus and Boyer (2009) 
DICE2010"
2.3980551506098875,0.01178887043600155,DICE2010,"Nordhaus and Boyer (2009) 
DICE2010"
2.572841414400438,0.013570001534490795,DICE2010,"Nordhaus and Boyer (2009) 
DICE2010"
2.7470716752985203,0.01547012571791621,DICE2010,"Nordhaus and Boyer (2009) 
DICE2010"
2.920357875768056,0.017483404751249054,DICE2010,"Nordhaus and Boyer (2009) 
DICE2010"
3.0923062493162585,0.019602833776098796,DICE2010,"Nordhaus and Boyer (2009) 
DICE2010"
3.262528066538213,0.021820383239146618,DICE2010,"Nordhaus and Boyer (2009) 
DICE2010"
3.4306481690273873,0.02412716106228448,DICE2010,"Nordhaus and Boyer (2009) 
DICE2010"
3.5963113218799028,0.026513583003957227,DICE2010,"Nordhaus and Boyer (2009) 
DICE2010"
3.756230716335604,0.028924001848403328,DICE2010,"Nordhaus and Boyer (2009) 
DICE2010"
3.913437237495539,0.03139573157422427,DICE2010,"Nordhaus and Boyer (2009) 
DICE2010"
4.067606273440591,0.03391811263125317,DICE2010,"Nordhaus and Boyer (2009) 
DICE2010"
4.2184482760101805,0.036480377007615195,DICE2010,"Nordhaus and Boyer (2009) 
DICE2010"
4.36570728999334,0.03907177029089704,DICE2010,"Nordhaus and Boyer (2009) 
DICE2010"
4.5091590157695505,0.041681655810466435,DICE2010,"Nordhaus and Boyer (2009) 
DICE2010"
4.648608553765924,0.04429960104659872,DICE2010,"Nordhaus and Boyer (2009) 
DICE2010"
4.783887952513842,0.04691544708152452,DICE2010,"Nordhaus and Boyer (2009) 
DICE2010"
4.914853656842703,0.04951936225976919,DICE2010,"Nordhaus and Boyer (2009) 
DICE2010"
5.041383930269935,0.05210188146138707,DICE2010,"Nordhaus and Boyer (2009) 
DICE2010"
5.163376306432629,0.05465393250775121,DICE2010,"Nordhaus and Boyer (2009) 
DICE2010"
5.2807451084447585,0.05716685124574466,DICE2010,"Nordhaus and Boyer (2009) 
DICE2010"
5.393419062084526,0.05963238681747629,DICE2010,"Nordhaus and Boyer (2009) 
DICE2010"
5.501339018337681,0.06204269853910344,DICE2010,"Nordhaus and Boyer (2009) 
DICE2010"
5.604455792635174,0.06439034569978402,DICE2010,"Nordhaus and Boyer (2009) 
DICE2010"
5.702728121733083,0.06666827146233095,DICE2010,"Nordhaus and Boyer (2009) 
DICE2010"
5.7961207342313035,0.06886978190986136,DICE2010,"Nordhaus and Boyer (2009) 
DICE2010"
5.884602526899808,0.07098852114417101,DICE2010,"Nordhaus and Boyer (2009) 
DICE2010"
5.96814483600518,0.07301844320624737,DICE2010,"Nordhaus and Boyer (2009) 
DICE2010"
6.046719790472041,0.07495378146019681,DICE2010,"Nordhaus and Boyer (2009) 
DICE2010"
6.1202987317728885,0.0767890159605887,DICE2010,"Nordhaus and Boyer (2009) 
DICE2010"
6.188850683740343,0.07851883921054828,DICE2010,"Nordhaus and Boyer (2009) 
DICE2010"
6.252340853880912,0.080138120613872,DICE2010,"Nordhaus and Boyer (2009) 
DICE2010"
6.31072914609292,0.0816418698284607,DICE2010,"Nordhaus and Boyer (2009) 
DICE2010"
6.363968662810202,0.08302519913952205,DICE2010,"Nordhaus and Boyer (2009) 
DICE2010"
6.4120041723592,0.08428328488802118,DICE2010,"Nordhaus and Boyer (2009) 
DICE2010"
6.454770514566982,0.08541132791123277,DICE2010,"Nordhaus and Boyer (2009) 
DICE2010"
6.492190914202026,0.08640451287621705,DICE2010,"Nordhaus and Boyer (2009) 
DICE2010"
6.524175167438527,0.08725796631161414,DICE2010,"Nordhaus and Boyer (2009) 
DICE2010"
6.547257343445922,0.08787648637867843,DICE2010,"Nordhaus and Boyer (2009) 
DICE2010"
6.563417304059197,0.08831081574980859,DICE2010,"Nordhaus and Boyer (2009) 
DICE2010"
6.574127808909744,0.0885992707181549,DICE2010,"Nordhaus and Boyer (2009) 
DICE2010"
6.580497592110098,0.08877104454752194,DICE2010,"Nordhaus and Boyer (2009) 
DICE2010"
6.583372488401862,0.08884862630814538,DICE2010,"Nordhaus and Boyer (2009) 
DICE2010"
6.5834068826471714,0.08884955467409661,DICE2010,"Nordhaus and Boyer (2009) 
DICE2010"
6.581114299307902,0.08878768411213764,DICE2010,"Nordhaus and Boyer (2009) 
DICE2010"
6.576903376179892,0.08867409894019326,DICE2010,"Nordhaus and Boyer (2009) 
DICE2010"
6.571103605505071,0.08851777531827758,DICE2010,"Nordhaus and Boyer (2009) 
DICE2010"
6.563983902666628,0.08832606358265657,DICE2010,"Nordhaus and Boyer (2009) 
DICE2010"
6.55576613293965,0.0881050426590869,DICE2010,"Nordhaus and Boyer (2009) 
DICE2010"
6.546635078061959,0.08785978323288819,DICE2010,"Nordhaus and Boyer (2009) 
DICE2010"
6.5367458737644855,0.08759454556726291,DICE2010,"Nordhaus and Boyer (2009) 
DICE2010"
6.526229637145743,0.0873129302173569,DICE2010,"Nordhaus and Boyer (2009) 
DICE2010"
0.85,0.005967849999999999,Nordhaus2019,Nordhaus (2019)
1.0163451840888142,0.008532229224401541,Nordhaus2019,Nordhaus (2019)
1.1851406216428604,0.011601651500741892,Nordhaus2019,Nordhaus (2019)
1.3555679455677625,0.015178282398719644,Nordhaus2019,Nordhaus (2019)
1.5272177604742552,0.019265575166120076,Nordhaus2019,Nordhaus (2019)
1.6998555813490541,0.023867344318883564,Nordhaus2019,Nordhaus (2019)
1.8732912611435697,0.028986158431374913,Nordhaus2019,Nordhaus (2019)
2.047313521883545,0.034621729345888315,Nordhaus2019,Nordhaus (2019)
2.221663768335949,0.04076962457017305,Nordhaus2019,Nordhaus (2019)
2.396032234441794,0.047420416069678964,Nordhaus2019,Nordhaus (2019)
2.570065682845738,0.05455926269280739,Nordhaus2019,Nordhaus (2019)
2.7433800641604016,0.06216586829733434,Nordhaus2019,Nordhaus (2019)
2.91557430351294,0.07021473726945901,Nordhaus2019,Nordhaus (2019)
3.0862431476539913,0.07867564729080445,Nordhaus2019,Nordhaus (2019)
3.254988096788461,0.08751426643453752,Nordhaus2019,Nordhaus (2019)
3.4214260912995083,0.09669285267533875,Nordhaus2019,Nordhaus (2019)
3.5851959844368078,0.10617098583874816,Nordhaus2019,Nordhaus (2019)
3.7430071332463415,0.11572344582014253,Nordhaus2019,Nordhaus (2019)
3.89788872386307,0.1254986115198919,Nordhaus2019,Nordhaus (2019)
4.049517164091359,0.13545234730635453,Nordhaus2019,Nordhaus (2019)
4.197606250458475,0.14554035941191534,Nordhaus2019,Nordhaus (2019)
4.341905474814988,0.1557187024374063,Nordhaus2019,Nordhaus (2019)
4.482197953435662,0.16594421355864625,Nordhaus2019,Nordhaus (2019)
4.618298080103182,0.17617487331421594,Nordhaus2019,Nordhaus (2019)
4.750048999195581,0.18637009498670887,Nordhaus2019,Nordhaus (2019)
4.877319982071682,0.19649094671407977,Nordhaus2019,Nordhaus (2019)
5.000003774861087,0.20650031180364348,Nordhaus2019,Nordhaus (2019)
5.118013970686609,0.21636299345422372,Nordhaus2019,Nordhaus (2019)
5.231282445633393,0.22604577037469464,Nordhaus2019,Nordhaus (2019)
5.339756885933236,0.23551740974319782,Nordhaus2019,Nordhaus (2019)
5.443398423943524,0.24474864367879234,Nordhaus2019,Nordhaus (2019)
5.542179392442661,0.253712114972813,Nordhaus2019,Nordhaus (2019)
5.636081200315242,0.2623822973094773,Nordhaus2019,Nordhaus (2019)
5.725092327605136,0.27073539463832236,Nordhaus2019,Nordhaus (2019)
5.809206433919377,0.2787492237770138,Nordhaus2019,Nordhaus (2019)
5.888420571034804,0.2864030837446471,Nordhaus2019,Nordhaus (2019)
5.96273348808133,0.29367761476806287,Nordhaus2019,Nordhaus (2019)
6.032144015663654,0.30055464937633847,Nordhaus2019,Nordhaus (2019)
6.096649513571983,0.3070170575064478,Nordhaus2019,Nordhaus (2019)
6.156244365173566,0.3130485870876204,Nordhaus2019,Nordhaus (2019)
6.21091850003401,0.31863370115217454,Nordhaus2019,Nordhaus (2019)
6.260655924659056,0.32375741213356013,Nordhaus2019,Nordhaus (2019)
6.305433239340993,0.32840511365359437,Nordhaus2019,Nordhaus (2019)
6.345218116797234,0.332562409764785,Nordhaus2019,Nordhaus (2019)
6.379967715441324,0.3362149412936078,Nordhaus2019,Nordhaus (2019)
6.409626996538861,0.33934820861911574,Nordhaus2019,Nordhaus (2019)
6.431090071511545,0.3416246751352075,Nordhaus2019,Nordhaus (2019)
6.446179014669434,0.3432296293244996,Nordhaus2019,Nordhaus (2019)
6.45624868993773,0.3443027954286251,Nordhaus2019,Nordhaus (2019)
6.462318678166384,0.3449505078869513,Nordhaus2019,Nordhaus (2019)
6.465166476397497,0.3452545987078311,Nordhaus2019,Nordhaus (2019)
6.465393331360376,0.3452788282751856,Nordhaus2019,Nordhaus (2019)
6.463470848311587,0.3450735216616028,Nordhaus2019,Nordhaus (2019)
6.459774133028233,0.34467891207885787,Nordhaus2019,Nordhaus (2019)
6.454605505821211,0.344127560267522,Nordhaus2019,Nordhaus (2019)
6.448211606673456,0.3434461159558601,Nordhaus2019,Nordhaus (2019)
6.440795854090314,0.3426566111933932,Nordhaus2019,Nordhaus (2019)
6.432527622817583,0.3417774199672507,Nordhaus2019,Nordhaus (2019)
6.423549090584597,0.3408239789121807,Nordhaus2019,Nordhaus (2019)
6.413980416420991,0.33980933590123613,Nordhaus2019,Nordhaus (2019)
0.85,0.001929075,Tol2009,Tol (2009)
1.0163451840888142,0.0027579966136988036,Tol2009,Tol (2009)
1.1851565976843037,0.003750271749962474,Tol2009,Tol (2009)
1.3556306954561501,0.00490675133517601,Tol2009,Tol (2009)
1.5273727198761655,0.006228756025876515,Tol2009,Tol (2009)
1.7001630271342076,0.007717780031287187,Tol2009,Tol (2009)
1.8738265522814834,0.009374973281253746,Tol2009,Tol (2009)
2.0481671871069573,0.01120062016633214,Tol2009,Tol (2009)
2.22294135114391,0.013193720229170118,Tol2009,Tol (2009)
2.3978538657786475,0.015351707441551043,Tol2009,Tol (2009)
2.572565384147996,0.017670307390763126,Tol2009,Tol (2009)
2.7467047994187053,0.020143513971249832,Tol2009,Tol (2009)
2.9198828060655093,0.022763660655089172,Tol2009,Tol (2009)
3.091704550168242,0.025521560858167806,Tol2009,Tol (2009)
3.2617803937371392,0.028406694269704578,Tol2009,Tol (2009)
3.4297344633083275,0.03140741956510898,Tol2009,Tol (2009)
3.595211013558216,0.03451119775946748,Tol2009,Tol (2009)
3.7549229375533937,0.0376455215327955,Tol2009,Tol (2009)
3.9119010387078688,0.040858929196838686,Tol2009,Tol (2009)
4.065820893799318,0.04413750177301507,Tol2009,Tol (2009)
4.216393373614514,0.04746718812643122,Tol2009,Tol (2009)
4.36336314849625,0.05083396436829913,Tol2009,Tol (2009)
4.506506735832289,0.054223969903471794,Tol2009,Tol (2009)
4.64563023331966,0.05762362030683893,Tol2009,Tol (2009)
4.780566857331317,0.06101969800469706,Tol2009,Tol (2009)
4.911174381695455,0.06439942226581602,Tol2009,Tol (2009)
5.037332550431456,0.06775050032710887,Tol2009,Tol (2009)
5.1589405191727895,0.0710611616385687,Tol2009,Tol (2009)
5.275914364258948,0.0743201772519137,Tol2009,Tol (2009)
5.388184685601993,0.07751686633043611,Tol2009,Tol (2009)
5.495694319093851,0.08064109165061754,Tol2009,Tol (2009)
5.59839616613697,0.08368324582015572,Tol2009,Tol (2009)
5.696251141476463,0.08663422976828099,Tol2009,Tol (2009)
5.789226235538471,0.08948542488467932,Tol2009,Tol (2009)
5.877292683628319,0.09222866000171268,Tol2009,Tol (2009)
5.960424231344592,0.0948561742369914,Tol2009,Tol (2009)
6.038595483190113,0.09736057654364276,Tol2009,Tol (2009)
6.111780319408457,0.09973480265613179,Tol2009,Tol (2009)
6.179950364370571,0.10197206997124415,Tol2009,Tol (2009)
6.243073488224198,0.10406583076691218,Tol2009,Tol (2009)
6.30111232185383,0.10600972403529049,Tol2009,Tol (2009)
6.354022763338945,0.10779752608966871,Tol2009,Tol (2009)
6.401752451896442,0.10942309999581684,Tol2009,Tol (2009)
6.444239182588383,0.11088034377522775,Tol2009,Tol (2009)
6.48140923168181,0.1121631372281756,Tol2009,Tol (2009)
6.5131755582377036,0.1132652871259748,Tol2009,Tol (2009)
6.53610536024927,0.11406419765834556,Tol2009,Tol (2009)
6.552163881225121,0.11462537357557087,Tol2009,Tol (2009)
6.56281295006729,0.11499827189291438,Tol2009,Tol (2009)
6.569153030409316,0.11522057000361885,Tol2009,Tol (2009)
6.572023615003462,0.11532129003775567,Tol2009,Tol (2009)
6.572074155998973,0.11532306376090547,Tol2009,Tol (2009)
6.569814285940949,0.11524376753718261,Tol2009,Tol (2009)
6.565649529101691,0.11509770248311199,Tol2009,Tol (2009)
6.559906854590171,0.11489644910220062,Tol2009,Tol (2009)
6.552853109217064,0.11464948993550524,Tol2009,Tol (2009)
6.544708445085004,0.11436466704521583,Tol2009,Tol (2009)
6.535656212885869,0.11404852169519988,Tol2009,Tol (2009)
6.525850344546618,0.11370654966084931,Tol2009,Tol (2009)
6.515420938886534,0.11334339572905248,Tol2009,Tol (2009)
0.85,0.0017038834482350274,Weitzman2012,Weitzman (2012)
1.0163451840888142,0.002437480666174235,Weitzman2012,Weitzman (2012)
1.18515748786158,0.003319763885649267,Weitzman2012,Weitzman (2012)
1.3556341848558324,0.004357586345000007,Weitzman2012,Weitzman (2012)
1.5273813025687741,0.005563098712600102,Weitzman2012,Weitzman (2012)
1.7001799345842983,0.006955834738151796,Weitzman2012,Weitzman (2012)
1.8738556433262463,0.008565180306436701,Weitzman2012,Weitzman (2012)
2.0482127236816066,0.010433351024993709,Weitzman2012,Weitzman (2012)
2.2230076004924793,0.012618790241557843,Weitzman2012,Weitzman (2012)
2.397944460621783,0.015199708430099,Weitzman2012,Weitzman (2012)
2.5726823639073175,0.01827731834700032,Weitzman2012,Weitzman (2012)
2.7468472511972193,0.02197818424372871,Weitzman2012,Weitzman (2012)
2.92004502677391,0.026455010519055664,Weitzman2012,Weitzman (2012)
3.0918736637892272,0.0318851655453054,Weitzman2012,Weitzman (2012)
3.2619333823739263,0.03846629640268653,Weitzman2012,Weitzman (2012)
3.429834608429291,0.0464085690739959,Weitzman2012,Weitzman (2012)
3.5952037943333894,0.05592338995215666,Weitzman2012,Weitzman (2012)
3.7547314942291066,0.06698465818855436,Weitzman2012,Weitzman (2012)
3.911421376494269,0.07993481248328135,Weitzman2012,Weitzman (2012)
4.064917705405698,0.09489462769935042,Weitzman2012,Weitzman (2012)
4.214895925497379,0.11192463192709261,Weitzman2012,Weitzman (2012)
4.361061649164225,0.13101246085626786,Weitzman2012,Weitzman (2012)
4.503149591862999,0.1520654250872863,Weitzman2012,Weitzman (2012)
4.640922571180824,0.17490979139557009,Weitzman2012,Weitzman (2012)
4.774170637352718,0.1992973517291804,Weitzman2012,Weitzman (2012)
4.902710351443519,0.2249187261323967,Weitzman2012,Weitzman (2012)
5.026384181067181,0.25142178091006656,Weitzman2012,Weitzman (2012)
5.145059948051341,0.27843280093106765,Weitzman2012,Weitzman (2012)
5.258630241578822,0.3055778012247326,Weitzman2012,Weitzman (2012)
5.367011705290829,0.3325016174502136,Weitzman2012,Weitzman (2012)
5.4701441163612605,0.3588830568276969,Weitzman2012,Weitzman (2012)
5.567989195315758,0.38444521777519175,Weitzman2012,Weitzman (2012)
5.660529112776626,0.40896088934515623,Weitzman2012,Weitzman (2012)
5.74776468848312,0.4322535680074233,Weitzman2012,Weitzman (2012)
5.829713304583822,0.4541950093017141,Weitzman2012,Weitzman (2012)
5.906406576238622,0.4747003706905835,Weitzman2012,Weitzman (2012)
5.977887836346603,0.4937219533542601,Weitzman2012,Weitzman (2012)
6.044209497412897,0.5112423864393663,Weitzman2012,Weitzman (2012)
6.105430352891354,0.5272678839965961,Weitzman2012,Weitzman (2012)
6.161612874134239,0.5418219918046483,Weitzman2012,Weitzman (2012)
6.212820548947257,0.5549400577713692,Weitzman2012,Weitzman (2012)
6.259115295251655,0.5666645179939301,Weitzman2012,Weitzman (2012)
6.300554969826043,0.5770409915729136,Weitzman2012,Weitzman (2012)
6.337190978538066,0.5861151151483787,Weitzman2012,Weitzman (2012)
6.369065981521539,0.5939300145341392,Weitzman2012,Weitzman (2012)
6.396211674713782,0.6005242973615483,Weitzman2012,Weitzman (2012)
6.416125014885251,0.6053248294516683,Weitzman2012,Weitzman (2012)
6.430406545820607,0.6087480607089888,Weitzman2012,Weitzman (2012)
6.440246468352819,0.6110969678336123,Weitzman2012,Weitzman (2012)
6.446540357493848,0.6125952088087855,Weitzman2012,Weitzman (2012)
6.44997096205525,0.6134104699742056,Weitzman2012,Weitzman (2012)
6.451066035137657,0.6136705008104596,Weitzman2012,Weitzman (2012)
6.450239313675234,0.613474200714883,Weitzman2012,Weitzman (2012)
6.447819681409521,0.6128993463544751,Weitzman2012,Weitzman (2012)
6.444072049547386,0.6120080266124244,Weitzman2012,Weitzman (2012)
6.439212425005514,0.6108505037718422,Weitzman2012,Weitzman (2012)
6.43341888810461,0.6094679869897368,Weitzman2012,Weitzman (2012)
6.426839679082417,0.6078946484334142,Weitzman2012,Weitzman (2012)
6.419599229264249,0.6061591078439952,Weitzman2012,Weitzman (2012)
6.41180272037687,0.604285540687956,Weitzman2012,Weitzman (2012)
0.85,0.0022986315824999994,HS_market_only,"H&S (2017) 
Market Only"
1.0163451840888142,0.0032863512930685025,HS_market_only,"H&S (2017) 
Market Only"
1.1851551366968422,0.0044687074550327,HS_market_only,"H&S (2017) 
Market Only"
1.3556249583779156,0.005846697573715841,HS_market_only,"H&S (2017) 
Market Only"
1.5273585561076066,0.007421873063115955,HS_market_only,"H&S (2017) 
Market Only"
1.7001349343678214,0.009195985985100246,HS_market_only,"H&S (2017) 
Market Only"
1.873777657488223,0.01117037184778895,HS_market_only,"H&S (2017) 
Market Only"
2.0480892421806303,0.01334532857002384,HS_market_only,"H&S (2017) 
Market Only"
2.22282475136036,0.015719617205290845,HS_market_only,"H&S (2017) 
Market Only"
2.3976876937292686,0.018290128072477436,HS_market_only,"H&S (2017) 
Market Only"
2.572337478816038,0.021051711463047917,HS_market_only,"H&S (2017) 
Market Only"
2.746401848574651,0.02399715095855799,HS_market_only,"H&S (2017) 
Market Only"
2.9194904594782147,0.027117249613230976,HS_market_only,"H&S (2017) 
Market Only"
3.0912075508467023,0.030400998588760348,HS_market_only,"H&S (2017) 
Market Only"
3.2611627243132637,0.03383580062787671,HS_market_only,"H&S (2017) 
Market Only"
3.4289795046447553,0.037407724986574235,HS_market_only,"H&S (2017) 
Market Only"
3.5943017126836865,0.0411017750199151,HS_market_only,"H&S (2017) 
Market Only"
3.753841982087713,0.04483152293267063,HS_market_only,"H&S (2017) 
Market Only"
3.91063103504403,0.04865474526688664,HS_market_only,"H&S (2017) 
Market Only"
4.064344590460214,0.052554821089744345,HS_market_only,"H&S (2017) 
Market Only"
4.214693851639114,0.05651498093194345,HS_market_only,"H&S (2017) 
Market Only"
4.361423992550677,0.06051849715489992,HS_market_only,"H&S (2017) 
Market Only"
4.50431219311061,0.06454884647497013,HS_market_only,"H&S (2017) 
Market Only"
4.6431653635345045,0.0685898448060782,HS_market_only,"H&S (2017) 
Market Only"
4.77781767504889,0.07262575555048927,HS_market_only,"H&S (2017) 
Market Only"
4.908127991241409,0.0766413731147421,HS_market_only,"H&S (2017) 
Market Only"
5.033977273156521,0.08062208382156563,HS_market_only,"H&S (2017) 
Market Only"
5.155266012761957,0.08455390658742715,HS_market_only,"H&S (2017) 
Market Only"
5.27191173384098,0.08842351578835858,HS_market_only,"H&S (2017) 
Market Only"
5.383846586575801,0.09221824868424229,HS_market_only,"H&S (2017) 
Market Only"
5.491015051782251,0.09592609964620903,HS_market_only,"H&S (2017) 
Market Only"
5.593371762577219,0.09953570325866842,HS_market_only,"H&S (2017) 
Market Only"
5.69087944484563,0.10303630816629457,HS_market_only,"H&S (2017) 
Market Only"
5.783506972883586,0.10641774332164931,HS_market_only,"H&S (2017) 
Market Only"
5.8712275327247685,0.10967037807163399,HS_market_only,"H&S (2017) 
Market Only"
5.954016882643036,0.11278507730798565,HS_market_only,"H&S (2017) 
Market Only"
6.031851697935637,0.11575315270338121,HS_market_only,"H&S (2017) 
Market Only"
6.104707985130279,0.11856631086320539,HS_market_only,"H&S (2017) 
Market Only"
6.172559549051859,0.12121659904496601,HS_market_only,"H&S (2017) 
Market Only"
6.235376494575431,0.1236963489328336,HS_market_only,"H&S (2017) 
Market Only"
6.293123743236563,0.1259981188030993,HS_market_only,"H&S (2017) 
Market Only"
6.345759543027542,0.12811463427607625,HS_market_only,"H&S (2017) 
Market Only"
6.393233947532379,0.13003872771920072,HS_market_only,"H&S (2017) 
Market Only"
6.435487237885887,0.13176327624249048,HS_market_only,"H&S (2017) 
Market Only"
6.472448257697966,0.13328113810838976,HS_market_only,"H&S (2017) 
Market Only"
6.504032626841227,0.13458508726032362,HS_market_only,"H&S (2017) 
Market Only"
6.526835296959006,0.1355304327694967,HS_market_only,"H&S (2017) 
Market Only"
6.5428092796871535,0.13619464750459156,HS_market_only,"H&S (2017) 
Market Only"
6.553407258956821,0.136636218390171,HS_market_only,"H&S (2017) 
Market Only"
6.559722779826504,0.13689969802972912,HS_market_only,"H&S (2017) 
Market Only"
6.56259003015457,0.1370194017134437,HS_market_only,"H&S (2017) 
Market Only"
6.562654336251729,0.13702208700266297,HS_market_only,"H&S (2017) 
Market Only"
6.560422075500499,0.13692888782101104,HS_market_only,"H&S (2017) 
Market Only"
6.55629616812442,0.13675671040654608,HS_market_only,"H&S (2017) 
Market Only"
6.5506014730133515,0.1365192441515665,HS_market_only,"H&S (2017) 
Market Only"
6.543603106966386,0.1362276980125778,HS_market_only,"H&S (2017) 
Market Only"
6.535519789342131,0.13589134154500526,HS_market_only,"H&S (2017) 
Market Only"
6.526533674072269,0.13551790659595447,HS_market_only,"H&S (2017) 
Market Only"
6.516797686405254,0.13511388920417927,HS_market_only,"H&S (2017) 
Market Only"
6.506441073673945,0.13468477957754996,HS_market_only,"H&S (2017) 
Market Only"
0.85,0.0028732894781249995,HS_non,"H&S (2017) 
Non-catastrophic"
1.0163451840888142,0.004107939116335628,HS_non,"H&S (2017) 
Non-catastrophic"
1.1851528645298668,0.005585862900413958,HS_non,"H&S (2017) 
Non-catastrophic"
1.355616035394546,0.007308275757250613,HS_non,"H&S (2017) 
Non-catastrophic"
1.5273365254152247,0.009277073697200888,HS_non,"H&S (2017) 
Non-catastrophic"
1.7000912346693646,0.011494391562616777,HS_non,"H&S (2017) 
Non-catastrophic"
1.8737015923148512,0.013961831192012497,HS_non,"H&S (2017) 
Non-catastrophic"
2.047967971669386,0.016679685277486183,HS_non,"H&S (2017) 
Non-catastrophic"
2.222643319273383,0.019646313958921004,HS_non,"H&S (2017) 
Non-catastrophic"
2.3974290938747416,0.02285772870461365,HS_non,"H&S (2017) 
Non-catastrophic"
2.571982760392257,0.02630738239314311,HS_non,"H&S (2017) 
Non-catastrophic"
2.7459302576511666,0.02998613806887831,HS_non,"H&S (2017) 
Non-catastrophic"
2.918879612784034,0.03388237910550232,HS_non,"H&S (2017) 
Non-catastrophic"
3.0904336376091797,0.037982222669356684,HS_non,"H&S (2017) 
Non-catastrophic"
3.26020073173862,0.04226980187024842,HS_non,"H&S (2017) 
Non-catastrophic"
3.4278034625969442,0.046727587280008545,HS_non,"H&S (2017) 
Non-catastrophic"
3.592884953149964,0.051336724222825134,HS_non,"H&S (2017) 
Non-catastrophic"
3.7521574091104735,0.055989118500124974,HS_non,"H&S (2017) 
Non-catastrophic"
3.9086514009569253,0.060756872328697545,HS_non,"H&S (2017) 
Non-catastrophic"
4.062042843657166,0.06561913943763213,HS_non,"H&S (2017) 
Non-catastrophic"
4.212043433324447,0.07055490521586191,HS_non,"H&S (2017) 
Non-catastrophic"
4.358399103936974,0.07554322552455894,HS_non,"H&S (2017) 
Non-catastrophic"
4.500888044160554,0.0805634306843674,HS_non,"H&S (2017) 
Non-catastrophic"
4.639318408444375,0.08559529472624573,HS_non,"H&S (2017) 
Non-catastrophic"
4.773525836455758,0.09061917125211011,HS_non,"H&S (2017) 
Non-catastrophic"
4.903370873509216,0.09561609809431841,HS_non,"H&S (2017) 
Non-catastrophic"
5.028736364392649,0.10056787347915282,HS_non,"H&S (2017) 
Non-catastrophic"
5.149524875033574,0.10545710666444165,HS_non,"H&S (2017) 
Non-catastrophic"
5.265656181158628,0.11026724609864469,HS_non,"H&S (2017) 
Non-catastrophic"
5.377064850448328,0.1149825880899715,HS_non,"H&S (2017) 
Non-catastrophic"
5.483697934440067,0.11958826882098092,HS_non,"H&S (2017) 
Non-catastrophic"
5.585512778264282,0.12407024232925452,HS_non,"H&S (2017) 
Non-catastrophic"
5.682474949870681,0.12841524682319497,HS_non,"H&S (2017) 
Non-catastrophic"
5.774556285387438,0.13261076143252604,HS_non,"H&S (2017) 
Non-catastrophic"
5.861733043360286,0.13664495521927758,HS_non,"H&S (2017) 
Non-catastrophic"
5.943984157579837,0.1405066300064205,HS_non,"H&S (2017) 
Non-catastrophic"
6.0212895757975105,0.14418515832410203,HS_non,"H&S (2017) 
Non-catastrophic"
6.0936286696566775,0.14767041753132368,HS_non,"H&S (2017) 
Non-catastrophic"
6.160978699453565,0.150952720945638,HS_non,"H&S (2017) 
Non-catastrophic"
6.223313315737936,0.1540227466052845,HS_non,"H&S (2017) 
Non-catastrophic"
6.280601078123126,0.15687146409627753,HS_non,"H&S (2017) 
Non-catastrophic"
6.3328039698592695,0.15949005969959795,HS_non,"H&S (2017) 
Non-catastrophic"
6.379875884588807,0.1618698599484688,HS_non,"H&S (2017) 
Non-catastrophic"
6.421761059092962,0.164002253529835,HS_non,"H&S (2017) 
Non-catastrophic"
6.458392422571392,0.1658786113142719,HS_non,"H&S (2017) 
Non-catastrophic"
6.4896898288571485,0.1674902041508308,HS_non,"H&S (2017) 
Non-catastrophic"
6.512292174388047,0.16865890834201674,HS_non,"H&S (2017) 
Non-catastrophic"
6.528133130830297,0.16948042180814843,HS_non,"H&S (2017) 
Non-catastrophic"
6.538650925304905,0.17002697813390888,HS_non,"H&S (2017) 
Non-catastrophic"
6.544928167034878,0.1703535937523116,HS_non,"H&S (2017) 
Non-catastrophic"
6.5477906594773065,0.17050263817221076,HS_non,"H&S (2017) 
Non-catastrophic"
6.547877208461595,0.17050714562470826,HS_non,"H&S (2017) 
Non-catastrophic"
6.545689047129538,0.17039320494120017,HS_non,"H&S (2017) 
Non-catastrophic"
6.541624980561234,0.1701816842449376,HS_non,"H&S (2017) 
Non-catastrophic"
6.536006532969084,0.16988947970352575,HS_non,"H&S (2017) 
Non-catastrophic"
6.529096087356017,0.16953042517412456,HS_non,"H&S (2017) 
Non-catastrophic"
6.521110099090156,0.16911596045065597,HS_non,"H&S (2017) 
Non-catastrophic"
6.512228831074813,0.16865562735835773,HS_non,"H&S (2017) 
Non-catastrophic"
6.502603617958135,0.16815744256526807,HS_non,"H&S (2017) 
Non-catastrophic"
6.49236236176877,0.1676281815466938,HS_non,"H&S (2017) 
Non-catastrophic"
0.85,0.005490721295625,HS_cat,"H&S (2017) 
+ Catastrophic"
1.0163451840888142,0.007850078789107555,HS_cat,"H&S (2017) 
+ Catastrophic"
1.1851425100761528,0.010674135235752774,HS_cat,"H&S (2017) 
+ Catastrophic"
1.3555753645120112,0.013964933875178786,HS_cat,"H&S (2017) 
+ Catastrophic"
1.5272360861813579,0.017725720735690818,HS_cat,"H&S (2017) 
+ Catastrophic"
1.699891951287815,0.02196009343421031,HS_cat,"H&S (2017) 
+ Catastrophic"
1.8733546062893591,0.026670523081658994,HS_cat,"H&S (2017) 
+ Catastrophic"
2.047414581725579,0.031856872139994614,HS_cat,"H&S (2017) 
+ Catastrophic"
2.221815078012958,0.037515208790422104,HS_cat,"H&S (2017) 
+ Catastrophic"
2.3962480804420627,0.04363702198059334,HS_cat,"H&S (2017) 
+ Catastrophic"
2.5703620274923304,0.050208834680008696,HS_cat,"H&S (2017) 
+ Catastrophic"
2.7437744409469182,0.057212162148207145,HS_cat,"H&S (2017) 
+ Catastrophic"
2.9160856861484796,0.06462374329347394,HS_cat,"H&S (2017) 
+ Catastrophic"
3.086891795959049,0.07241597152214524,HS_cat,"H&S (2017) 
+ Catastrophic"
3.2557953826475745,0.08055745813135788,HS_cat,"H&S (2017) 
+ Catastrophic"
3.4224143078560285,0.089013671420322,HS_cat,"H&S (2017) 
+ Catastrophic"
3.586388141658419,0.09774760567407635,HS_cat,"H&S (2017) 
+ Catastrophic"
3.744426742905088,0.1065521519134419,HS_cat,"H&S (2017) 
+ Catastrophic"
3.8995595768553764,0.11556402725777042,HS_cat,"H&S (2017) 
+ Catastrophic"
4.051463041003236,0.12474274923529342,HS_cat,"H&S (2017) 
+ Catastrophic"
4.199850673150312,0.13404766299723977,HS_cat,"H&S (2017) 
+ Catastrophic"
4.344471480147536,0.14343840574548206,HS_cat,"H&S (2017) 
+ Catastrophic"
4.485107879195558,0.1528753046076384,HS_cat,"H&S (2017) 
+ Catastrophic"
4.621573358326386,0.16231970711735777,HS_cat,"H&S (2017) 
+ Catastrophic"
4.753709954948631,0.1717342462666326,HS_cat,"H&S (2017) 
+ Catastrophic"
4.881385637260145,0.18108304399898315,HS_cat,"H&S (2017) 
+ Catastrophic"
5.004491657354151,0.19033185820445675,HS_cat,"H&S (2017) 
+ Catastrophic"
5.12293992931517,0.19944817892613498,HS_cat,"H&S (2017) 
+ Catastrophic"
5.2366604716384915,0.20840127973075578,HS_cat,"H&S (2017) 
+ Catastrophic"
5.345598941331596,0.2171622301445306,HS_cat,"H&S (2017) 
+ Catastrophic"
5.4497142771061045,0.22570387479788068,HS_cat,"H&S (2017) 
+ Catastrophic"
5.548976460989191,0.23400078452888798,HS_cat,"H&S (2017) 
+ Catastrophic"
5.643364401232962,0.24202918421783545,HS_cat,"H&S (2017) 
+ Catastrophic"
5.732863934312892,0.24976686160410666,HS_cat,"H&S (2017) 
+ Catastrophic"
5.81746593982185,0.2571930608009862,HS_cat,"H&S (2017) 
+ Catastrophic"
5.897164558945043,0.26428836369400993,HS_cat,"H&S (2017) 
+ Catastrophic"
5.97195550472985,0.27103456189817465,HS_cat,"H&S (2017) 
+ Catastrophic"
6.0418344503544335,0.27741452146694145,HS_cat,"H&S (2017) 
+ Catastrophic"
6.106795479884048,0.283412042095944,HS_cat,"H&S (2017) 
+ Catastrophic"
6.166829584434872,0.28901171214792204,HS_cat,"H&S (2017) 
+ Catastrophic"
6.221923185104285,0.29419876044159793,HS_cat,"H&S (2017) 
+ Catastrophic"
6.2720566623412815,0.2989589053931997,HS_cat,"H&S (2017) 
+ Catastrophic"
6.317202869486647,0.3032782017709571,HS_cat,"H&S (2017) 
+ Catastrophic"
6.357325605865437,0.3071428850149395,HS_cat,"H&S (2017) 
+ Catastrophic"
6.392378021900717,0.3105392127809519,HS_cat,"H&S (2017) 
+ Catastrophic"
6.422300925043215,0.31345330308087016,HS_cat,"H&S (2017) 
+ Catastrophic"
6.443946828901858,0.31556980751935826,HS_cat,"H&S (2017) 
+ Catastrophic"
6.459155908422033,0.31706118861658944,HS_cat,"H&S (2017) 
+ Catastrophic"
6.4692965422130175,0.31805751857729625,HS_cat,"H&S (2017) 
+ Catastrophic"
6.475398525648621,0.3186577993006648,HS_cat,"H&S (2017) 
+ Catastrophic"
6.478247182633622,0.3189382288155932,HS_cat,"H&S (2017) 
+ Catastrophic"
6.47844984461447,0.3189581841098038,HS_cat,"H&S (2017) 
+ Catastrophic"
6.47648291638872,0.3187645351251443,HS_cat,"H&S (2017) 
+ Catastrophic"
6.47272534283333,0.318394756115677,HS_cat,"H&S (2017) 
+ Catastrophic"
6.4674825551765744,0.31787917729297166,HS_cat,"H&S (2017) 
+ Catastrophic"
6.461003743710443,0.3172426242917899,HS_cat,"H&S (2017) 
+ Catastrophic"
6.453494438851734,0.3165056220313813,HS_cat,"H&S (2017) 
+ Catastrophic"
6.445125779108241,0.31568528802623114,HS_cat,"H&S (2017) 
+ Catastrophic"
6.43604142540203,0.3147960033649063,HS_cat,"H&S (2017) 
+ Catastrophic"
6.426362790756849,0.3138499235030129,HS_cat,"H&S (2017) 
+ Catastrophic"
0.85,0.006469808681249998,HS_pro,"H&S  (2017) 
+ Productivity"
1.0163451840888142,0.009249879053000332,HS_pro,"H&S  (2017) 
+ Productivity"
1.1851386346243533,0.012577429711254055,HS_pro,"H&S  (2017) 
+ Productivity"
1.3555601388403162,0.01645474537010014,HS_pro,"H&S  (2017) 
+ Productivity"
1.5271984755025474,0.020885484315976824,HS_pro,"H&S  (2017) 
+ Productivity"
1.6998173044212572,0.025873672645341156,HS_pro,"H&S  (2017) 
+ Productivity"
1.8732245882789447,0.03142196108691577,HS_pro,"H&S  (2017) 
+ Productivity"
2.0472071416753774,0.03752987887307078,HS_pro,"H&S  (2017) 
+ Productivity"
2.2215044738738157,0.044192439018410995,HS_pro,"H&S  (2017) 
+ Productivity"
2.395804968076016,0.05139921771983421,HS_pro,"H&S  (2017) 
+ Productivity"
2.5697536135855894,0.059133904797947064,HS_pro,"H&S  (2017) 
+ Productivity"
2.742964695568697,0.06737426224658334,HS_pro,"H&S  (2017) 
+ Productivity"
2.9150356091373135,0.07609240584116356,HS_pro,"H&S  (2017) 
+ Productivity"
3.0855597307497336,0.08525532275186232,HS_pro,"H&S  (2017) 
+ Productivity"
3.254137371031919,0.09482554593560684,HS_pro,"H&S  (2017) 
+ Productivity"
3.420384479222405,0.10476191801207148,HS_pro,"H&S  (2017) 
+ Productivity"
3.5839391303789037,0.11502039028291472,HS_pro,"H&S  (2017) 
+ Productivity"
3.7415101277175116,0.12535666718343894,HS_pro,"H&S  (2017) 
+ Productivity"
3.8961263363313123,0.1359313558379945,HS_pro,"H&S  (2017) 
+ Productivity"
4.047464147242269,0.14669645120126898,HS_pro,"H&S  (2017) 
+ Productivity"
4.1952376015041155,0.15760380995909073,HS_pro,"H&S  (2017) 
+ Productivity"
4.33919667390563,0.16860570163826133,HS_pro,"H&S  (2017) 
+ Productivity"
4.479125189773898,0.1796552813958382,HS_pro,"H&S  (2017) 
+ Productivity"
4.61483847091409,0.19070698303689704,HS_pro,"H&S  (2017) 
+ Productivity"
4.746180803665848,0.20171683429735213,HS_pro,"H&S  (2017) 
+ Productivity"
4.873022810756964,0.21264269879633196,HS_pro,"H&S  (2017) 
+ Productivity"
4.995258794281279,0.22344445055653764,HS_pro,"H&S  (2017) 
+ Productivity"
5.112804102525843,0.23408408781712628,HS_pro,"H&S  (2017) 
+ Productivity"
5.225592559922216,0.24452579319136897,HS_pro,"H&S  (2017) 
+ Productivity"
5.333573987688913,0.2547359471873276,HS_pro,"H&S  (2017) 
+ Productivity"
5.436711832908182,0.26468310182252114,HS_pro,"H&S  (2017) 
+ Productivity"
5.534980915747498,0.274337920607605,HS_pro,"H&S  (2017) 
+ Productivity"
5.628365298090869,0.2836730906142453,HS_pro,"H&S  (2017) 
+ Productivity"
5.716856271743393,0.29266321172722226,HS_pro,"H&S  (2017) 
+ Productivity"
5.800450460367629,0.30128466754584626,HS_pro,"H&S  (2017) 
+ Productivity"
5.879148026170606,0.30951548177009375,HS_pro,"H&S  (2017) 
+ Productivity"
5.952950969876917,0.3173351632993382,HS_pro,"H&S  (2017) 
+ Productivity"
6.021861510510866,0.3247245426966472,HS_pro,"H&S  (2017) 
+ Productivity"
6.085880529804958,0.3316656021348927,HS_pro,"H&S  (2017) 
+ Productivity"
6.1450060645059486,0.33814130044422286,HS_pro,"H&S  (2017) 
+ Productivity"
6.199231828327516,0.34413539442275226,HS_pro,"H&S  (2017) 
+ Productivity"
6.248545743670458,0.34963225715052837,HS_pro,"H&S  (2017) 
+ Productivity"
6.292928461366092,0.354616693656165,HS_pro,"H&S  (2017) 
+ Productivity"
6.332351844456636,0.3590737539199797,HS_pro,"H&S  (2017) 
+ Productivity"
6.366777389250577,0.3629885428499139,HS_pro,"H&S  (2017) 
+ Productivity"
6.396154553395795,0.36634602652885506,HS_pro,"H&S  (2017) 
+ Productivity"
6.417422202254951,0.368786327781802,HS_pro,"H&S  (2017) 
+ Productivity"
6.432382977404733,0.3705078166786801,HS_pro,"H&S  (2017) 
+ Productivity"
6.442377236224872,0.3716600576884811,HS_pro,"H&S  (2017) 
+ Productivity"
6.448413596816846,0.3723568579799246,HS_pro,"H&S  (2017) 
+ Productivity"
6.451261156709508,0.37268578928987517,HS_pro,"H&S  (2017) 
+ Productivity"
6.4515146329803885,0.37271507623319816,HS_pro,"H&S  (2017) 
+ Productivity"
6.449640480421463,0.3724985616645937,HS_pro,"H&S  (2017) 
+ Productivity"
6.446009684950773,0.3720792870050683,HS_pro,"H&S  (2017) 
+ Productivity"
6.440921228373352,0.3714920827959375,HS_pro,"H&S  (2017) 
+ Productivity"
6.434619013719514,0.37076545461250043,HS_pro,"H&S  (2017) 
+ Productivity"
6.427304192986503,0.36992296765492433,HS_pro,"H&S  (2017) 
+ Productivity"
6.4191442480453205,0.36898427397575806,HS_pro,"H&S  (2017) 
+ Productivity"
6.410279764890572,0.36796588388515283,HS_pro,"H&S  (2017) 
+ Productivity"
6.400829556850028,0.36688175305868487,HS_pro,"H&S  (2017) 
+ Productivity"
0.85,0.009087240498749998,HS_tot,"H&S  (2017) 
Total"
1.0163451840888142,0.01299201872577226,HS_tot,"H&S  (2017) 
Total"
1.1851282682811595,0.01766545733155982,HS_tot,"H&S  (2017) 
Total"
1.3555194028997322,0.02311030342302466,HS_tot,"H&S  (2017) 
Total"
1.5270978222290759,0.02933106864038081,HS_tot,"H&S  (2017) 
Total"
1.6996174738954595,0.036332605686198505,HS_tot,"H&S  (2017) 
Total"
1.8728764065699885,0.044117653761741454,HS_tot,"H&S  (2017) 
Total"
2.0466514083169676,0.05268438659405923,HS_tot,"H&S  (2017) 
Total"
2.220671996766561,0.06202446154314607,HS_tot,"H&S  (2017) 
Total"
2.3946167656033426,0.07212174205519853,HS_tot,"H&S  (2017) 
Total"
2.568121283190776,0.08295168852280804,HS_tot,"H&S  (2017) 
Total"
2.7407909381703606,0.09448132824067584,HS_tot,"H&S  (2017) 
Total"
2.912214894676859,0.10666968390368195,HS_tot,"H&S  (2017) 
Total"
3.0819790888859075,0.1194685371810327,HS_tot,"H&S  (2017) 
Total"
3.249677290908948,0.13282341485967158,HS_tot,"H&S  (2017) 
Total"
3.4149199025828003,0.1466747018260826,HS_tot,"H&S  (2017) 
Total"
3.577340522788906,0.16095880341594057,HS_tot,"H&S  (2017) 
Total"
3.7336446132650805,0.1753315714091901,HS_tot,"H&S  (2017) 
Total"
3.8868588818649723,0.19001667618711768,HS_tot,"H&S  (2017) 
Total"
4.036659140226415,0.20494547217250556,HS_tot,"H&S  (2017) 
Total"
4.18276020693509,0.22004935805784845,HS_tot,"H&S  (2017) 
Total"
4.32491407827756,0.23526056647237234,HS_tot,"H&S  (2017) 
Total"
4.462907789947266,0.2505128444511649,HS_tot,"H&S  (2017) 
Total"
4.596561036737432,0.26574202091372356,HS_tot,"H&S  (2017) 
Total"
4.725723626870849,0.2808864629177913,HS_tot,"H&S  (2017) 
Total"
4.850272843832453,0.2958874262481923,HS_tot,"H&S  (2017) 
Total"
4.970110778607047,0.3106893083255701,HS_tot,"H&S  (2017) 
Total"
5.085161683132448,0.3252398128041971,HS_tot,"H&S  (2017) 
Total"
5.195369383717019,0.3394900358374963,HS_tot,"H&S  (2017) 
Total"
5.300694782192004,0.35339448403730755,HS_tot,"H&S  (2017) 
Total"
5.401113463094524,0.36691103380583623,HS_tot,"H&S  (2017) 
Total"
5.496613417281992,0.3800008411077153,HS_tot,"H&S  (2017) 
Total"
5.587192885960558,0.3926282099730757,HS_tot,"H&S  (2017) 
Total"
5.6728583239857855,0.40476042715544924,HS_tot,"H&S  (2017) 
Total"
5.7536224772520095,0.41636756946530434,HS_tot,"H&S  (2017) 
Total"
5.8295025658180535,0.42742228939981813,HS_tot,"H&S  (2017) 
Total"
5.900518561925335,0.4378995838185018,HS_tot,"H&S  (2017) 
Total"
5.966691550073166,0.447776549589258,HS_tot,"H&S  (2017) 
Total"
6.0280421546674114,0.4570321293597062,HS_tot,"H&S  (2017) 
Total"
6.084589019310846,0.4656468498978491,HS_tot,"H&S  (2017) 
Total"
6.136347320426748,0.473602554793804,HS_tot,"H&S  (2017) 
Total"
6.18332729647851,0.4808821327165806,HS_tot,"H&S  (2017) 
Total"
6.225532772445191,0.4874692418705125,HS_tot,"H&S  (2017) 
Total"
6.262959657308399,0.49334803078677325,HS_tot,"H&S  (2017) 
Total"
6.295594389958444,0.4985028551066864,HS_tot,"H&S  (2017) 
Total"
6.323412305973497,0.5029179895540973,HS_tot,"H&S  (2017) 
Total"
6.343604405886247,0.506134981700341,HS_tot,"H&S  (2017) 
Total"
6.3578647173023715,0.5084131045346552,HS_tot,"H&S  (2017) 
Total"
6.367452567985584,0.5099476651652224,HS_tot,"H&S  (2017) 
Total"
6.373315366267809,0.5108871607163853,HS_tot,"H&S  (2017) 
Total"
6.376175321898387,0.51134577365408,HS_tot,"H&S  (2017) 
Total"
6.376590704324027,0.5114124001051158,HS_tot,"H&S  (2017) 
Total"
6.374999217347899,0.5111571525462032,HS_tot,"H&S  (2017) 
Total"
6.3717488456544995,0.5106360459147056,HS_tot,"H&S  (2017) 
Total"
6.367119928720123,0.5098943866573085,HS_tot,"H&S  (2017) 
Total"
6.361341083561906,0.5089692388472448,HS_tot,"H&S  (2017) 
Total"
6.354600801758826,0.5078912338867456,HS_tot,"H&S  (2017) 
Total"
6.347055990933193,0.506685912398256,HS_tot,"H&S  (2017) 
Total"
6.33883834508541,0.5053747312964393,HS_tot,"H&S  (2017) 
Total"
6.330059160699921,0.5039758297068839,HS_tot,"H&S  (2017) 
Total"
